{"success":true,"code":"SUCCESS","data":{"from":1704047400000,"to":1711564200000,"transactionData":[{"name":"Merchant payments","paymentInstruments":[{"type":"TOTAL","count":22163645,"amount":1.2736252466E10}]},{"name":"Peer-to-peer payments","paymentInstruments":[{"type":"TOTAL","count":10729197,"amount":3.1099473803E10}]},{"name":"Recharge & bill payments","paymentInstruments":[{"type":"TOTAL","count":2087441,"amount":1.465885657E9}]},{"name":"Financial Services","paymentInstruments":[{"type":"TOTAL","count":20782,"amount":3.7240917E7}]},{"name":"Others","paymentInstruments":[{"type":"TOTAL","count":12922,"amount":1.3047417E7}]}]},"responseTimestamp":1714727638104}