{"success":true,"code":"SUCCESS","data":{"from":1711909800000,"to":1719513000000,"transactionData":[{"name":"Merchant payments","paymentInstruments":[{"type":"TOTAL","count":23908901,"amount":1.3821574623E10}]},{"name":"Peer-to-peer payments","paymentInstruments":[{"type":"TOTAL","count":10933835,"amount":3.2155453858E10}]},{"name":"Recharge & bill payments","paymentInstruments":[{"type":"TOTAL","count":2120776,"amount":1.419954245E9}]},{"name":"Financial Services","paymentInstruments":[{"type":"TOTAL","count":24891,"amount":4.1870631E7}]},{"name":"Others","paymentInstruments":[{"type":"TOTAL","count":12403,"amount":1.5977355E7}]}]},"responseTimestamp":1722517748380}