{"success":true,"code":"SUCCESS","data":{"from":1719792000000,"to":1727481600000,"transactionData":[{"name":"Merchant payments","paymentInstruments":[{"type":"TOTAL","count":23789645,"amount":1.3663769858E10}]},{"name":"Peer-to-peer payments","paymentInstruments":[{"type":"TOTAL","count":10858222,"amount":3.0761382765E10}]},{"name":"Recharge & bill payments","paymentInstruments":[{"type":"TOTAL","count":2070465,"amount":1.423628089E9}]},{"name":"Financial Services","paymentInstruments":[{"type":"TOTAL","count":32037,"amount":5.1120538E7}]},{"name":"Others","paymentInstruments":[{"type":"TOTAL","count":11742,"amount":1.3626762E7}]}]},"responseTimestamp":1739974277240}