{"success":true,"code":"SUCCESS","data":{"from":1727740800000,"to":1735344000000,"transactionData":[{"name":"Merchant payments","paymentInstruments":[{"type":"TOTAL","count":30381117,"amount":1.7216927595E10}]},{"name":"Peer-to-peer payments","paymentInstruments":[{"type":"TOTAL","count":13499590,"amount":3.7720460757E10}]},{"name":"Recharge & bill payments","paymentInstruments":[{"type":"TOTAL","count":2166016,"amount":1.548395751E9}]},{"name":"Financial Services","paymentInstruments":[{"type":"TOTAL","count":71254,"amount":5.5469478E7}]},{"name":"Others","paymentInstruments":[{"type":"TOTAL","count":13559,"amount":2.1335962E7}]}]},"responseTimestamp":1739974503057}