{"success":true,"code":"SUCCESS","data":{"from":1704047400000,"to":1711564200000,"transactionData":[{"name":"Merchant payments","paymentInstruments":[{"type":"TOTAL","count":8982305,"amount":4.66218684E9}]},{"name":"Peer-to-peer payments","paymentInstruments":[{"type":"TOTAL","count":3414122,"amount":1.0168258638E10}]},{"name":"Recharge & bill payments","paymentInstruments":[{"type":"TOTAL","count":735766,"amount":9.78631681E8}]},{"name":"Financial Services","paymentInstruments":[{"type":"TOTAL","count":10909,"amount":2.1881737E7}]},{"name":"Others","paymentInstruments":[{"type":"TOTAL","count":12071,"amount":1.1217285E7}]}]},"responseTimestamp":1714727622062}