{"success":true,"code":"SUCCESS","data":{"from":1711909800000,"to":1719513000000,"transactionData":[{"name":"Merchant payments","paymentInstruments":[{"type":"TOTAL","count":11201413,"amount":5.412395814E9}]},{"name":"Peer-to-peer payments","paymentInstruments":[{"type":"TOTAL","count":3948610,"amount":1.1123555377E10}]},{"name":"Recharge & bill payments","paymentInstruments":[{"type":"TOTAL","count":759642,"amount":9.76897042E8}]},{"name":"Financial Services","paymentInstruments":[{"type":"TOTAL","count":15209,"amount":2.6206753E7}]},{"name":"Others","paymentInstruments":[{"type":"TOTAL","count":16099,"amount":1.7848826E7}]}]},"responseTimestamp":1722517727937}