{"success":true,"code":"SUCCESS","data":{"from":1719792000000,"to":1727481600000,"transactionData":[{"name":"Merchant payments","paymentInstruments":[{"type":"TOTAL","count":12322648,"amount":6.042931862E9}]},{"name":"Peer-to-peer payments","paymentInstruments":[{"type":"TOTAL","count":4530333,"amount":1.2112839411E10}]},{"name":"Recharge & bill payments","paymentInstruments":[{"type":"TOTAL","count":824606,"amount":1.038931528E9}]},{"name":"Financial Services","paymentInstruments":[{"type":"TOTAL","count":17447,"amount":3.2954399E7}]},{"name":"Others","paymentInstruments":[{"type":"TOTAL","count":13351,"amount":3.1600676E7}]}]},"responseTimestamp":1739974256924}