{"success":true,"code":"SUCCESS","data":{"from":1727740800000,"to":1735344000000,"transactionData":[{"name":"Merchant payments","paymentInstruments":[{"type":"TOTAL","count":12960792,"amount":6.648643038E9}]},{"name":"Peer-to-peer payments","paymentInstruments":[{"type":"TOTAL","count":4727760,"amount":1.2817849297E10}]},{"name":"Recharge & bill payments","paymentInstruments":[{"type":"TOTAL","count":791148,"amount":9.84309171E8}]},{"name":"Financial Services","paymentInstruments":[{"type":"TOTAL","count":35852,"amount":2.5202177E7}]},{"name":"Others","paymentInstruments":[{"type":"TOTAL","count":12892,"amount":2.5382206E7}]}]},"responseTimestamp":1739974483360}