{"success":true,"code":"SUCCESS","data":{"from":1704047400000,"to":1711564200000,"transactionData":[{"name":"Merchant payments","paymentInstruments":[{"type":"TOTAL","count":1799287261,"amount":7.31643780822E11}]},{"name":"Peer-to-peer payments","paymentInstruments":[{"type":"TOTAL","count":854761954,"amount":2.641887054365E12}]},{"name":"Recharge & bill payments","paymentInstruments":[{"type":"TOTAL","count":140813576,"amount":1.09551418217E11}]},{"name":"Financial Services","paymentInstruments":[{"type":"TOTAL","count":829562,"amount":1.475873231E9}]},{"name":"Others","paymentInstruments":[{"type":"TOTAL","count":746802,"amount":6.90527871E8}]}]},"responseTimestamp":1714727621597}