{"success":true,"code":"SUCCESS","data":{"from":1711909800000,"to":1719513000000,"transactionData":[{"name":"Merchant payments","paymentInstruments":[{"type":"TOTAL","count":1981595688,"amount":8.34831111764E11}]},{"name":"Peer-to-peer payments","paymentInstruments":[{"type":"TOTAL","count":911150664,"amount":2.835423595652E12}]},{"name":"Recharge & bill payments","paymentInstruments":[{"type":"TOTAL","count":147578134,"amount":1.12150881882E11}]},{"name":"Financial Services","paymentInstruments":[{"type":"TOTAL","count":951013,"amount":1.832353796E9}]},{"name":"Others","paymentInstruments":[{"type":"TOTAL","count":737349,"amount":7.96760344E8}]}]},"responseTimestamp":1722517726866}