{"success":true,"code":"SUCCESS","data":{"from":1719792000000,"to":1727481600000,"transactionData":[{"name":"Merchant payments","paymentInstruments":[{"type":"TOTAL","count":2128123870,"amount":8.72671695683E11}]},{"name":"Peer-to-peer payments","paymentInstruments":[{"type":"TOTAL","count":985664231,"amount":2.914446696115E12}]},{"name":"Recharge & bill payments","paymentInstruments":[{"type":"TOTAL","count":145576983,"amount":1.17042690235E11}]},{"name":"Financial Services","paymentInstruments":[{"type":"TOTAL","count":1113824,"amount":2.18440221E9}]},{"name":"Others","paymentInstruments":[{"type":"TOTAL","count":655187,"amount":8.57082241E8}]}]},"responseTimestamp":1739974255960}