{"success":true,"code":"SUCCESS","data":{"from":1727740800000,"to":1735344000000,"transactionData":[{"name":"Merchant payments","paymentInstruments":[{"type":"TOTAL","count":2266169258,"amount":9.35052915428E11}]},{"name":"Peer-to-peer payments","paymentInstruments":[{"type":"TOTAL","count":1039723999,"amount":3.095666288407E12}]},{"name":"Recharge & bill payments","paymentInstruments":[{"type":"TOTAL","count":145556961,"amount":1.17911617313E11}]},{"name":"Financial Services","paymentInstruments":[{"type":"TOTAL","count":2955462,"amount":2.231437254E9}]},{"name":"Others","paymentInstruments":[{"type":"TOTAL","count":650744,"amount":9.5754542E8}]}]},"responseTimestamp":1739974482561}