{"success":true,"code":"SUCCESS","data":{"from":1704047400000,"to":1711564200000,"transactionData":[{"name":"Merchant payments","paymentInstruments":[{"type":"TOTAL","count":212194065,"amount":1.16463019844E11}]},{"name":"Peer-to-peer payments","paymentInstruments":[{"type":"TOTAL","count":124567252,"amount":3.29976785438E11}]},{"name":"Recharge & bill payments","paymentInstruments":[{"type":"TOTAL","count":29121761,"amount":1.6237500799E10}]},{"name":"Financial Services","paymentInstruments":[{"type":"TOTAL","count":117960,"amount":2.05227725E8}]},{"name":"Others","paymentInstruments":[{"type":"TOTAL","count":175646,"amount":1.27276095E8}]}]},"responseTimestamp":1714727637131}