{"success":true,"code":"SUCCESS","data":{"from":1711909800000,"to":1719513000000,"transactionData":[{"name":"Merchant payments","paymentInstruments":[{"type":"TOTAL","count":245595547,"amount":1.32662738857E11}]},{"name":"Peer-to-peer payments","paymentInstruments":[{"type":"TOTAL","count":134658010,"amount":3.46912119555E11}]},{"name":"Recharge & bill payments","paymentInstruments":[{"type":"TOTAL","count":31469605,"amount":1.6306210818E10}]},{"name":"Financial Services","paymentInstruments":[{"type":"TOTAL","count":148570,"amount":2.97328748E8}]},{"name":"Others","paymentInstruments":[{"type":"TOTAL","count":175973,"amount":1.35034441E8}]}]},"responseTimestamp":1722517746453}