{"success":true,"code":"SUCCESS","data":{"from":1719792000000,"to":1727481600000,"transactionData":[{"name":"Merchant payments","paymentInstruments":[{"type":"TOTAL","count":267508081,"amount":1.36419004302E11}]},{"name":"Peer-to-peer payments","paymentInstruments":[{"type":"TOTAL","count":146302685,"amount":3.42236114715E11}]},{"name":"Recharge & bill payments","paymentInstruments":[{"type":"TOTAL","count":29502494,"amount":1.8226578889E10}]},{"name":"Financial Services","paymentInstruments":[{"type":"TOTAL","count":179562,"amount":3.54020024E8}]},{"name":"Others","paymentInstruments":[{"type":"TOTAL","count":147280,"amount":1.24415828E8}]}]},"responseTimestamp":1739974275212}