{"success":true,"code":"SUCCESS","data":{"from":1727740800000,"to":1735344000000,"transactionData":[{"name":"Merchant payments","paymentInstruments":[{"type":"TOTAL","count":304445323,"amount":1.59212481149E11}]},{"name":"Peer-to-peer payments","paymentInstruments":[{"type":"TOTAL","count":166465519,"amount":3.98345139636E11}]},{"name":"Recharge & bill payments","paymentInstruments":[{"type":"TOTAL","count":29120062,"amount":1.8801380994E10}]},{"name":"Financial Services","paymentInstruments":[{"type":"TOTAL","count":477311,"amount":3.24186192E8}]},{"name":"Others","paymentInstruments":[{"type":"TOTAL","count":147189,"amount":1.45256654E8}]}]},"responseTimestamp":1739974501347}