{"success":true,"code":"SUCCESS","data":{"from":1688149800000,"to":1695839400000,"transactionData":[{"name":"Merchant payments","paymentInstruments":[{"type":"TOTAL","count":1657848,"amount":1.289780198E9}]},{"name":"Peer-to-peer payments","paymentInstruments":[{"type":"TOTAL","count":1111211,"amount":3.757627272E9}]},{"name":"Recharge & bill payments","paymentInstruments":[{"type":"TOTAL","count":323935,"amount":1.5799238E8}]},{"name":"Financial Services","paymentInstruments":[{"type":"TOTAL","count":2199,"amount":3850023.0}]},{"name":"Others","paymentInstruments":[{"type":"TOTAL","count":3183,"amount":2346918.0}]}]},"responseTimestamp":1697612043308}