{"success":true,"code":"SUCCESS","data":{"from":1696098600000,"to":1703701800000,"transactionData":[{"name":"Merchant payments","paymentInstruments":[{"type":"TOTAL","count":2039888,"amount":1.653303276E9}]},{"name":"Peer-to-peer payments","paymentInstruments":[{"type":"TOTAL","count":1321796,"amount":4.420459049E9}]},{"name":"Recharge & bill payments","paymentInstruments":[{"type":"TOTAL","count":327460,"amount":1.850284E8}]},{"name":"Financial Services","paymentInstruments":[{"type":"TOTAL","count":3276,"amount":7836466.0}]},{"name":"Others","paymentInstruments":[{"type":"TOTAL","count":3363,"amount":2925308.0}]}]},"responseTimestamp":1706092702600}