{"success":true,"code":"SUCCESS","data":{"from":1696098600000,"to":1703701800000,"transactionData":[{"name":"Merchant payments","paymentInstruments":[{"type":"TOTAL","count":822516631,"amount":4.27677236042E11}]},{"name":"Peer-to-peer payments","paymentInstruments":[{"type":"TOTAL","count":673002314,"amount":2.270766948881E12}]},{"name":"Recharge & bill payments","paymentInstruments":[{"type":"TOTAL","count":100733697,"amount":1.03186953776E11}]},{"name":"Financial Services","paymentInstruments":[{"type":"TOTAL","count":431705,"amount":5.35202901E8}]},{"name":"Others","paymentInstruments":[{"type":"TOTAL","count":303079,"amount":3.48636223E8}]}]},"responseTimestamp":1706092691272}