{"success":true,"code":"SUCCESS","data":{"from":1688149800000,"to":1695839400000,"transactionData":[{"name":"Merchant payments","paymentInstruments":[{"type":"TOTAL","count":279651861,"amount":1.55597205179E11}]},{"name":"Peer-to-peer payments","paymentInstruments":[{"type":"TOTAL","count":151754885,"amount":5.08236930735E11}]},{"name":"Recharge & bill payments","paymentInstruments":[{"type":"TOTAL","count":47284770,"amount":4.3342854631E10}]},{"name":"Financial Services","paymentInstruments":[{"type":"TOTAL","count":246300,"amount":3.1137754E8}]},{"name":"Others","paymentInstruments":[{"type":"TOTAL","count":365774,"amount":2.48668365E8}]}]},"responseTimestamp":1697612074028}