{"success":true,"code":"SUCCESS","data":{"from":1696098600000,"to":1703701800000,"transactionData":[{"name":"Merchant payments","paymentInstruments":[{"type":"TOTAL","count":319459808,"amount":1.79560004574E11}]},{"name":"Peer-to-peer payments","paymentInstruments":[{"type":"TOTAL","count":166959749,"amount":5.67135968086E11}]},{"name":"Recharge & bill payments","paymentInstruments":[{"type":"TOTAL","count":47046378,"amount":4.7786850776E10}]},{"name":"Financial Services","paymentInstruments":[{"type":"TOTAL","count":271611,"amount":3.49727923E8}]},{"name":"Others","paymentInstruments":[{"type":"TOTAL","count":378032,"amount":2.54647715E8}]}]},"responseTimestamp":1706092733423}