{"success":true,"code":"SUCCESS","data":{"from":1704047400000,"to":1711564200000,"transactionData":[{"name":"Merchant payments","paymentInstruments":[{"type":"TOTAL","count":110124616,"amount":6.8499650021E10}]},{"name":"Peer-to-peer payments","paymentInstruments":[{"type":"TOTAL","count":90992228,"amount":2.44008762377E11}]},{"name":"Recharge & bill payments","paymentInstruments":[{"type":"TOTAL","count":20239264,"amount":8.488075878E9}]},{"name":"Financial Services","paymentInstruments":[{"type":"TOTAL","count":102326,"amount":1.35951454E8}]},{"name":"Others","paymentInstruments":[{"type":"TOTAL","count":66622,"amount":5.14663E7}]}]},"responseTimestamp":1714727612816}