{"success":true,"code":"SUCCESS","data":{"from":1711909800000,"to":1719513000000,"transactionData":[{"name":"Merchant payments","paymentInstruments":[{"type":"TOTAL","count":143699277,"amount":7.8145261323E10}]},{"name":"Peer-to-peer payments","paymentInstruments":[{"type":"TOTAL","count":105356010,"amount":2.58191846219E11}]},{"name":"Recharge & bill payments","paymentInstruments":[{"type":"TOTAL","count":22086844,"amount":8.765311662E9}]},{"name":"Financial Services","paymentInstruments":[{"type":"TOTAL","count":120443,"amount":1.51366643E8}]},{"name":"Others","paymentInstruments":[{"type":"TOTAL","count":64513,"amount":5.4884363E7}]}]},"responseTimestamp":1722517715907}