{"success":true,"code":"SUCCESS","data":{"from":1719792000000,"to":1727481600000,"transactionData":[{"name":"Merchant payments","paymentInstruments":[{"type":"TOTAL","count":161259693,"amount":7.9570459117E10}]},{"name":"Peer-to-peer payments","paymentInstruments":[{"type":"TOTAL","count":112031342,"amount":2.44082572337E11}]},{"name":"Recharge & bill payments","paymentInstruments":[{"type":"TOTAL","count":21850799,"amount":9.670483722E9}]},{"name":"Financial Services","paymentInstruments":[{"type":"TOTAL","count":131635,"amount":1.75945223E8}]},{"name":"Others","paymentInstruments":[{"type":"TOTAL","count":72122,"amount":5.8848151E7}]}]},"responseTimestamp":1739974245133}