{"success":true,"code":"SUCCESS","data":{"from":1727740800000,"to":1735344000000,"transactionData":[{"name":"Merchant payments","paymentInstruments":[{"type":"TOTAL","count":181752000,"amount":9.0150626448E10}]},{"name":"Peer-to-peer payments","paymentInstruments":[{"type":"TOTAL","count":129207094,"amount":2.82320195685E11}]},{"name":"Recharge & bill payments","paymentInstruments":[{"type":"TOTAL","count":20970477,"amount":1.0067635906E10}]},{"name":"Financial Services","paymentInstruments":[{"type":"TOTAL","count":438162,"amount":1.7349687E8}]},{"name":"Others","paymentInstruments":[{"type":"TOTAL","count":73798,"amount":7.445105E7}]}]},"responseTimestamp":1739974472427}