{"success":true,"code":"SUCCESS","data":{"from":1696098600000,"to":1703701800000,"transactionData":[{"name":"Merchant payments","paymentInstruments":[{"type":"TOTAL","count":381250463,"amount":1.68766495844E11}]},{"name":"Peer-to-peer payments","paymentInstruments":[{"type":"TOTAL","count":185276322,"amount":5.88131157564E11}]},{"name":"Recharge & bill payments","paymentInstruments":[{"type":"TOTAL","count":30903762,"amount":4.1889435437E10}]},{"name":"Financial Services","paymentInstruments":[{"type":"TOTAL","count":317005,"amount":5.01353917E8}]},{"name":"Others","paymentInstruments":[{"type":"TOTAL","count":403194,"amount":3.61276587E8}]}]},"responseTimestamp":1706092750054}