{"success":true,"code":"SUCCESS","data":{"from":1696098600000,"to":1703701800000,"transactionData":[{"name":"Merchant payments","paymentInstruments":[{"type":"TOTAL","count":11765508,"amount":4.318758826E9}]},{"name":"Peer-to-peer payments","paymentInstruments":[{"type":"TOTAL","count":5347152,"amount":1.2234383845E10}]},{"name":"Recharge & bill payments","paymentInstruments":[{"type":"TOTAL","count":1169931,"amount":9.91997355E8}]},{"name":"Financial Services","paymentInstruments":[{"type":"TOTAL","count":5597,"amount":7765262.0}]},{"name":"Others","paymentInstruments":[{"type":"TOTAL","count":14185,"amount":5154679.0}]}]},"responseTimestamp":1706092701210}