{"success":true,"code":"SUCCESS","data":{"from":1696098600000,"to":1703701800000,"transactionData":[{"name":"Merchant payments","paymentInstruments":[{"type":"TOTAL","count":95438754,"amount":6.0513904505E10}]},{"name":"Peer-to-peer payments","paymentInstruments":[{"type":"TOTAL","count":79797949,"amount":2.1687593774E11}]},{"name":"Recharge & bill payments","paymentInstruments":[{"type":"TOTAL","count":18323202,"amount":8.011077428E9}]},{"name":"Financial Services","paymentInstruments":[{"type":"TOTAL","count":119386,"amount":1.42552746E8}]},{"name":"Others","paymentInstruments":[{"type":"TOTAL","count":72866,"amount":6.0164512E7}]}]},"responseTimestamp":1706092712898}