{"success":true,"code":"SUCCESS","data":{"from":1704047400000,"to":1711564200000,"transactionData":[{"name":"Merchant payments","paymentInstruments":[{"type":"TOTAL","count":366409312,"amount":2.01682534095E11}]},{"name":"Peer-to-peer payments","paymentInstruments":[{"type":"TOTAL","count":187792836,"amount":6.18453750215E11}]},{"name":"Recharge & bill payments","paymentInstruments":[{"type":"TOTAL","count":51744007,"amount":5.0813658532E10}]},{"name":"Financial Services","paymentInstruments":[{"type":"TOTAL","count":273979,"amount":3.98254841E8}]},{"name":"Others","paymentInstruments":[{"type":"TOTAL","count":356537,"amount":2.71267241E8}]}]},"responseTimestamp":1714727629897}