{"success":true,"code":"SUCCESS","data":{"from":1711909800000,"to":1719513000000,"transactionData":[{"name":"Merchant payments","paymentInstruments":[{"type":"TOTAL","count":437221639,"amount":2.22449503863E11}]},{"name":"Peer-to-peer payments","paymentInstruments":[{"type":"TOTAL","count":199501081,"amount":6.38163102162E11}]},{"name":"Recharge & bill payments","paymentInstruments":[{"type":"TOTAL","count":52968092,"amount":4.9178909419E10}]},{"name":"Financial Services","paymentInstruments":[{"type":"TOTAL","count":320563,"amount":4.59744596E8}]},{"name":"Others","paymentInstruments":[{"type":"TOTAL","count":383778,"amount":3.73786893E8}]}]},"responseTimestamp":1722517737576}