{"success":true,"code":"SUCCESS","data":{"from":1719792000000,"to":1727481600000,"transactionData":[{"name":"Merchant payments","paymentInstruments":[{"type":"TOTAL","count":476512894,"amount":2.38978729415E11}]},{"name":"Peer-to-peer payments","paymentInstruments":[{"type":"TOTAL","count":225649266,"amount":6.7190706238E11}]},{"name":"Recharge & bill payments","paymentInstruments":[{"type":"TOTAL","count":54584624,"amount":5.1775029765E10}]},{"name":"Financial Services","paymentInstruments":[{"type":"TOTAL","count":384648,"amount":5.14500536E8}]},{"name":"Others","paymentInstruments":[{"type":"TOTAL","count":309818,"amount":3.76066005E8}]}]},"responseTimestamp":1739974266458}