{"success":true,"code":"SUCCESS","data":{"from":1727740800000,"to":1735344000000,"transactionData":[{"name":"Merchant payments","paymentInstruments":[{"type":"TOTAL","count":530043047,"amount":2.7105284468E11}]},{"name":"Peer-to-peer payments","paymentInstruments":[{"type":"TOTAL","count":244109941,"amount":7.50880785528E11}]},{"name":"Recharge & bill payments","paymentInstruments":[{"type":"TOTAL","count":51838504,"amount":5.310255936E10}]},{"name":"Financial Services","paymentInstruments":[{"type":"TOTAL","count":1091610,"amount":5.579711E8}]},{"name":"Others","paymentInstruments":[{"type":"TOTAL","count":291864,"amount":4.20340754E8}]}]},"responseTimestamp":1739974492374}