{"success":true,"code":"SUCCESS","data":{"from":1688149800000,"to":1695839400000,"transactionData":[{"name":"Merchant payments","paymentInstruments":[{"type":"TOTAL","count":361940401,"amount":2.06648202575E11}]},{"name":"Peer-to-peer payments","paymentInstruments":[{"type":"TOTAL","count":311779356,"amount":9.08446322767E11}]},{"name":"Recharge & bill payments","paymentInstruments":[{"type":"TOTAL","count":59732275,"amount":3.2565513931E10}]},{"name":"Financial Services","paymentInstruments":[{"type":"TOTAL","count":270376,"amount":2.77782677E8}]},{"name":"Others","paymentInstruments":[{"type":"TOTAL","count":516343,"amount":2.15541416E8}]}]},"responseTimestamp":1697612062074}