{"success":true,"code":"SUCCESS","data":{"from":1696098600000,"to":1703701800000,"transactionData":[{"name":"Merchant payments","paymentInstruments":[{"type":"TOTAL","count":466122317,"amount":2.73626740927E11}]},{"name":"Peer-to-peer payments","paymentInstruments":[{"type":"TOTAL","count":394813298,"amount":1.121442567078E12}]},{"name":"Recharge & bill payments","paymentInstruments":[{"type":"TOTAL","count":62582448,"amount":3.9095012665E10}]},{"name":"Financial Services","paymentInstruments":[{"type":"TOTAL","count":333579,"amount":3.42560013E8}]},{"name":"Others","paymentInstruments":[{"type":"TOTAL","count":575632,"amount":2.28927732E8}]}]},"responseTimestamp":1706092721263}