{"success":true,"code":"SUCCESS","data":{"from":1704047400000,"to":1711564200000,"transactionData":[{"name":"Merchant payments","paymentInstruments":[{"type":"TOTAL","count":13631073,"amount":4.791513247E9}]},{"name":"Peer-to-peer payments","paymentInstruments":[{"type":"TOTAL","count":6113627,"amount":1.357660217E10}]},{"name":"Recharge & bill payments","paymentInstruments":[{"type":"TOTAL","count":1353851,"amount":1.135863865E9}]},{"name":"Financial Services","paymentInstruments":[{"type":"TOTAL","count":6748,"amount":1.0924778E7}]},{"name":"Others","paymentInstruments":[{"type":"TOTAL","count":9710,"amount":4292265.0}]}]},"responseTimestamp":1714727602699}