{"success":true,"code":"SUCCESS","data":{"from":1711909800000,"to":1719513000000,"transactionData":[{"name":"Merchant payments","paymentInstruments":[{"type":"TOTAL","count":15510300,"amount":5.152049102E9}]},{"name":"Peer-to-peer payments","paymentInstruments":[{"type":"TOTAL","count":6493955,"amount":1.4085735502E10}]},{"name":"Recharge & bill payments","paymentInstruments":[{"type":"TOTAL","count":1370838,"amount":1.073613414E9}]},{"name":"Financial Services","paymentInstruments":[{"type":"TOTAL","count":7715,"amount":1.0300178E7}]},{"name":"Others","paymentInstruments":[{"type":"TOTAL","count":10307,"amount":7294515.0}]}]},"responseTimestamp":1722517703182}