{"success":true,"code":"SUCCESS","data":{"from":1719792000000,"to":1727481600000,"transactionData":[{"name":"Merchant payments","paymentInstruments":[{"type":"TOTAL","count":16778218,"amount":5.563348577E9}]},{"name":"Peer-to-peer payments","paymentInstruments":[{"type":"TOTAL","count":7251757,"amount":1.4881287713E10}]},{"name":"Recharge & bill payments","paymentInstruments":[{"type":"TOTAL","count":1397428,"amount":1.094723407E9}]},{"name":"Financial Services","paymentInstruments":[{"type":"TOTAL","count":10550,"amount":1.5369479E7}]},{"name":"Others","paymentInstruments":[{"type":"TOTAL","count":8317,"amount":9902390.0}]}]},"responseTimestamp":1739974232898}