{"success":true,"code":"SUCCESS","data":{"from":1727740800000,"to":1735344000000,"transactionData":[{"name":"Merchant payments","paymentInstruments":[{"type":"TOTAL","count":19213230,"amount":6.331132984E9}]},{"name":"Peer-to-peer payments","paymentInstruments":[{"type":"TOTAL","count":7882319,"amount":1.6487512787E10}]},{"name":"Recharge & bill payments","paymentInstruments":[{"type":"TOTAL","count":1336160,"amount":1.107688213E9}]},{"name":"Financial Services","paymentInstruments":[{"type":"TOTAL","count":25423,"amount":1.2601733E7}]},{"name":"Others","paymentInstruments":[{"type":"TOTAL","count":6568,"amount":6285744.0}]}]},"responseTimestamp":1739974460278}