{"success":true,"code":"SUCCESS","data":{"from":1704047400000,"to":1711564200000,"transactionData":[{"name":"Merchant payments","paymentInstruments":[{"type":"TOTAL","count":240943119,"amount":1.2297360585E11}]},{"name":"Peer-to-peer payments","paymentInstruments":[{"type":"TOTAL","count":157370906,"amount":4.20040441815E11}]},{"name":"Recharge & bill payments","paymentInstruments":[{"type":"TOTAL","count":28096898,"amount":1.6341675108E10}]},{"name":"Financial Services","paymentInstruments":[{"type":"TOTAL","count":146719,"amount":2.49733168E8}]},{"name":"Others","paymentInstruments":[{"type":"TOTAL","count":201453,"amount":1.14781132E8}]}]},"responseTimestamp":1714727613565}