{"success":true,"code":"SUCCESS","data":{"from":1711909800000,"to":1719513000000,"transactionData":[{"name":"Merchant payments","paymentInstruments":[{"type":"TOTAL","count":292972037,"amount":1.43912881957E11}]},{"name":"Peer-to-peer payments","paymentInstruments":[{"type":"TOTAL","count":175846356,"amount":4.58805291316E11}]},{"name":"Recharge & bill payments","paymentInstruments":[{"type":"TOTAL","count":30493851,"amount":1.6999992739E10}]},{"name":"Financial Services","paymentInstruments":[{"type":"TOTAL","count":173960,"amount":2.69689641E8}]},{"name":"Others","paymentInstruments":[{"type":"TOTAL","count":199667,"amount":1.28066838E8}]}]},"responseTimestamp":1722517716879}