{"success":true,"code":"SUCCESS","data":{"from":1719792000000,"to":1727481600000,"transactionData":[{"name":"Merchant payments","paymentInstruments":[{"type":"TOTAL","count":308078784,"amount":1.44012840378E11}]},{"name":"Peer-to-peer payments","paymentInstruments":[{"type":"TOTAL","count":185983240,"amount":4.47316673287E11}]},{"name":"Recharge & bill payments","paymentInstruments":[{"type":"TOTAL","count":28125714,"amount":1.8109397263E10}]},{"name":"Financial Services","paymentInstruments":[{"type":"TOTAL","count":227984,"amount":3.54292146E8}]},{"name":"Others","paymentInstruments":[{"type":"TOTAL","count":160161,"amount":1.16337518E8}]}]},"responseTimestamp":1739974246455}