{"success":true,"code":"SUCCESS","data":{"from":1727740800000,"to":1735344000000,"transactionData":[{"name":"Merchant payments","paymentInstruments":[{"type":"TOTAL","count":346886286,"amount":1.68140534443E11}]},{"name":"Peer-to-peer payments","paymentInstruments":[{"type":"TOTAL","count":211165735,"amount":5.16149821202E11}]},{"name":"Recharge & bill payments","paymentInstruments":[{"type":"TOTAL","count":28025030,"amount":1.9206954971E10}]},{"name":"Financial Services","paymentInstruments":[{"type":"TOTAL","count":670523,"amount":3.77570884E8}]},{"name":"Others","paymentInstruments":[{"type":"TOTAL","count":157112,"amount":1.35619534E8}]}]},"responseTimestamp":1739974473400}