{"success":true,"code":"SUCCESS","data":{"from":1696098600000,"to":1703701800000,"transactionData":[{"name":"Merchant payments","paymentInstruments":[{"type":"TOTAL","count":38724913,"amount":2.3286334977E10}]},{"name":"Peer-to-peer payments","paymentInstruments":[{"type":"TOTAL","count":20930306,"amount":6.565831222E10}]},{"name":"Recharge & bill payments","paymentInstruments":[{"type":"TOTAL","count":9268356,"amount":3.954471487E9}]},{"name":"Financial Services","paymentInstruments":[{"type":"TOTAL","count":36281,"amount":8.0127905E7}]},{"name":"Others","paymentInstruments":[{"type":"TOTAL","count":207276,"amount":9.0895171E7}]}]},"responseTimestamp":1706092742809}