{"success":true,"code":"SUCCESS","data":{"from":1704047400000,"to":1711564200000,"transactionData":[{"name":"Merchant payments","paymentInstruments":[{"type":"TOTAL","count":2401038,"amount":1.887811915E9}]},{"name":"Peer-to-peer payments","paymentInstruments":[{"type":"TOTAL","count":1436380,"amount":4.771886847E9}]},{"name":"Recharge & bill payments","paymentInstruments":[{"type":"TOTAL","count":341224,"amount":1.88939343E8}]},{"name":"Financial Services","paymentInstruments":[{"type":"TOTAL","count":3761,"amount":7962745.0}]},{"name":"Others","paymentInstruments":[{"type":"TOTAL","count":2517,"amount":2550985.0}]}]},"responseTimestamp":1714727603726}