{"success":true,"code":"SUCCESS","data":{"from":1711909800000,"to":1719513000000,"transactionData":[{"name":"Merchant payments","paymentInstruments":[{"type":"TOTAL","count":2769052,"amount":2.053269052E9}]},{"name":"Peer-to-peer payments","paymentInstruments":[{"type":"TOTAL","count":1513157,"amount":5.033712226E9}]},{"name":"Recharge & bill payments","paymentInstruments":[{"type":"TOTAL","count":365214,"amount":1.96987648E8}]},{"name":"Financial Services","paymentInstruments":[{"type":"TOTAL","count":3371,"amount":9550750.0}]},{"name":"Others","paymentInstruments":[{"type":"TOTAL","count":2430,"amount":2260654.0}]}]},"responseTimestamp":1722517705205}