{"success":true,"code":"SUCCESS","data":{"from":1719792000000,"to":1727481600000,"transactionData":[{"name":"Merchant payments","paymentInstruments":[{"type":"TOTAL","count":3158032,"amount":2.132361939E9}]},{"name":"Peer-to-peer payments","paymentInstruments":[{"type":"TOTAL","count":1733054,"amount":5.305660809E9}]},{"name":"Recharge & bill payments","paymentInstruments":[{"type":"TOTAL","count":382130,"amount":2.13105223E8}]},{"name":"Financial Services","paymentInstruments":[{"type":"TOTAL","count":4169,"amount":1.07564E7}]},{"name":"Others","paymentInstruments":[{"type":"TOTAL","count":1865,"amount":1960638.0}]}]},"responseTimestamp":1739974234682}