{"success":true,"code":"SUCCESS","data":{"from":1727740800000,"to":1735344000000,"transactionData":[{"name":"Merchant payments","paymentInstruments":[{"type":"TOTAL","count":3666060,"amount":2.546601178E9}]},{"name":"Peer-to-peer payments","paymentInstruments":[{"type":"TOTAL","count":1993301,"amount":6.142805445E9}]},{"name":"Recharge & bill payments","paymentInstruments":[{"type":"TOTAL","count":389318,"amount":2.14912264E8}]},{"name":"Financial Services","paymentInstruments":[{"type":"TOTAL","count":12889,"amount":1.2789955E7}]},{"name":"Others","paymentInstruments":[{"type":"TOTAL","count":2332,"amount":3835931.0}]}]},"responseTimestamp":1739974461977}