{"success":true,"code":"SUCCESS","data":{"from":1696098600000,"to":1703701800000,"transactionData":[{"name":"Merchant payments","paymentInstruments":[{"type":"TOTAL","count":185440451,"amount":1.02326470529E11}]},{"name":"Peer-to-peer payments","paymentInstruments":[{"type":"TOTAL","count":110795079,"amount":2.87452814383E11}]},{"name":"Recharge & bill payments","paymentInstruments":[{"type":"TOTAL","count":25330600,"amount":1.3898322691E10}]},{"name":"Financial Services","paymentInstruments":[{"type":"TOTAL","count":115404,"amount":1.74278673E8}]},{"name":"Others","paymentInstruments":[{"type":"TOTAL","count":194798,"amount":1.33148269E8}]}]},"responseTimestamp":1706092741905}