{"success":true,"code":"SUCCESS","data":{"from":1704047400000,"to":1711564200000,"transactionData":[{"name":"Merchant payments","paymentInstruments":[{"type":"TOTAL","count":926373997,"amount":4.68462542792E11}]},{"name":"Peer-to-peer payments","paymentInstruments":[{"type":"TOTAL","count":721764113,"amount":2.436665736212E12}]},{"name":"Recharge & bill payments","paymentInstruments":[{"type":"TOTAL","count":106564415,"amount":1.06646957337E11}]},{"name":"Financial Services","paymentInstruments":[{"type":"TOTAL","count":427720,"amount":6.34184211E8}]},{"name":"Others","paymentInstruments":[{"type":"TOTAL","count":298240,"amount":3.16249197E8}]}]},"responseTimestamp":1714727594203}