{"success":true,"code":"SUCCESS","data":{"from":1711909800000,"to":1719513000000,"transactionData":[{"name":"Merchant payments","paymentInstruments":[{"type":"TOTAL","count":1068247800,"amount":5.26363160284E11}]},{"name":"Peer-to-peer payments","paymentInstruments":[{"type":"TOTAL","count":748553253,"amount":2.545133436133E12}]},{"name":"Recharge & bill payments","paymentInstruments":[{"type":"TOTAL","count":112475183,"amount":1.09301693605E11}]},{"name":"Financial Services","paymentInstruments":[{"type":"TOTAL","count":558924,"amount":7.99915709E8}]},{"name":"Others","paymentInstruments":[{"type":"TOTAL","count":287140,"amount":3.24214357E8}]}]},"responseTimestamp":1722517692701}