{"success":true,"code":"SUCCESS","data":{"from":1719792000000,"to":1727481600000,"transactionData":[{"name":"Merchant payments","paymentInstruments":[{"type":"TOTAL","count":1186825685,"amount":5.69822447748E11}]},{"name":"Peer-to-peer payments","paymentInstruments":[{"type":"TOTAL","count":802972632,"amount":2.555369227206E12}]},{"name":"Recharge & bill payments","paymentInstruments":[{"type":"TOTAL","count":100644574,"amount":1.00291968047E11}]},{"name":"Financial Services","paymentInstruments":[{"type":"TOTAL","count":633983,"amount":8.57014703E8}]},{"name":"Others","paymentInstruments":[{"type":"TOTAL","count":294488,"amount":3.04949785E8}]}]},"responseTimestamp":1739974222693}