{"success":true,"code":"SUCCESS","data":{"from":1727740800000,"to":1735344000000,"transactionData":[{"name":"Merchant payments","paymentInstruments":[{"type":"TOTAL","count":1319061337,"amount":6.2280523838E11}]},{"name":"Peer-to-peer payments","paymentInstruments":[{"type":"TOTAL","count":872917507,"amount":2.723665407515E12}]},{"name":"Recharge & bill payments","paymentInstruments":[{"type":"TOTAL","count":101888917,"amount":1.04194996949E11}]},{"name":"Financial Services","paymentInstruments":[{"type":"TOTAL","count":2255721,"amount":9.77916755E8}]},{"name":"Others","paymentInstruments":[{"type":"TOTAL","count":322062,"amount":3.72009367E8}]}]},"responseTimestamp":1739974450318}