{"success":true,"code":"SUCCESS","data":{"from":1704047400000,"to":1711564200000,"transactionData":[{"name":"Merchant payments","paymentInstruments":[{"type":"TOTAL","count":419098312,"amount":1.83390284466E11}]},{"name":"Peer-to-peer payments","paymentInstruments":[{"type":"TOTAL","count":197330105,"amount":6.04445932793E11}]},{"name":"Recharge & bill payments","paymentInstruments":[{"type":"TOTAL","count":33501160,"amount":4.3595822485E10}]},{"name":"Financial Services","paymentInstruments":[{"type":"TOTAL","count":319041,"amount":6.06216973E8}]},{"name":"Others","paymentInstruments":[{"type":"TOTAL","count":485440,"amount":4.75774396E8}]}]},"responseTimestamp":1714727644240}