{"success":true,"code":"SUCCESS","data":{"from":1711909800000,"to":1719513000000,"transactionData":[{"name":"Merchant payments","paymentInstruments":[{"type":"TOTAL","count":519857504,"amount":2.08928942309E11}]},{"name":"Peer-to-peer payments","paymentInstruments":[{"type":"TOTAL","count":221272475,"amount":6.41147355249E11}]},{"name":"Recharge & bill payments","paymentInstruments":[{"type":"TOTAL","count":35429237,"amount":4.5318295969E10}]},{"name":"Financial Services","paymentInstruments":[{"type":"TOTAL","count":376570,"amount":7.43336505E8}]},{"name":"Others","paymentInstruments":[{"type":"TOTAL","count":604614,"amount":7.79746148E8}]}]},"responseTimestamp":1722517755130}