{"success":true,"code":"SUCCESS","data":{"from":1719792000000,"to":1727481600000,"transactionData":[{"name":"Merchant payments","paymentInstruments":[{"type":"TOTAL","count":564668341,"amount":2.31032600851E11}]},{"name":"Peer-to-peer payments","paymentInstruments":[{"type":"TOTAL","count":242786329,"amount":6.72922448569E11}]},{"name":"Recharge & bill payments","paymentInstruments":[{"type":"TOTAL","count":36462771,"amount":5.2504961937E10}]},{"name":"Financial Services","paymentInstruments":[{"type":"TOTAL","count":463025,"amount":9.36446162E8}]},{"name":"Others","paymentInstruments":[{"type":"TOTAL","count":464057,"amount":8.06926069E8}]}]},"responseTimestamp":1739974283944}