{"success":true,"code":"SUCCESS","data":{"from":1727740800000,"to":1735344000000,"transactionData":[{"name":"Merchant payments","paymentInstruments":[{"type":"TOTAL","count":612111214,"amount":2.61167204054E11}]},{"name":"Peer-to-peer payments","paymentInstruments":[{"type":"TOTAL","count":261559240,"amount":7.45874399814E11}]},{"name":"Recharge & bill payments","paymentInstruments":[{"type":"TOTAL","count":35326994,"amount":4.8224664984E10}]},{"name":"Financial Services","paymentInstruments":[{"type":"TOTAL","count":1115510,"amount":9.32800641E8}]},{"name":"Others","paymentInstruments":[{"type":"TOTAL","count":430124,"amount":8.6141641E8}]}]},"responseTimestamp":1739974509593}