{"success":true,"code":"SUCCESS","data":{"from":1688149800000,"to":1695839400000,"transactionData":[{"name":"Merchant payments","paymentInstruments":[{"type":"TOTAL","count":1502087676,"amount":6.20261083051E11}]},{"name":"Peer-to-peer payments","paymentInstruments":[{"type":"TOTAL","count":733741628,"amount":2.267342578479E12}]},{"name":"Recharge & bill payments","paymentInstruments":[{"type":"TOTAL","count":131971913,"amount":9.6428751649E10}]},{"name":"Financial Services","paymentInstruments":[{"type":"TOTAL","count":680721,"amount":1.11757581E9}]},{"name":"Others","paymentInstruments":[{"type":"TOTAL","count":780364,"amount":7.30906598E8}]}]},"responseTimestamp":1697612064107}