{"success":true,"code":"SUCCESS","data":{"from":1696098600000,"to":1703701800000,"transactionData":[{"name":"Merchant payments","paymentInstruments":[{"type":"TOTAL","count":1631321006,"amount":6.776861598E11}]},{"name":"Peer-to-peer payments","paymentInstruments":[{"type":"TOTAL","count":796407425,"amount":2.456912813682E12}]},{"name":"Recharge & bill payments","paymentInstruments":[{"type":"TOTAL","count":135125785,"amount":1.04793796043E11}]},{"name":"Financial Services","paymentInstruments":[{"type":"TOTAL","count":807597,"amount":1.26627595E9}]},{"name":"Others","paymentInstruments":[{"type":"TOTAL","count":772351,"amount":7.17378908E8}]}]},"responseTimestamp":1706092723227}