{"success":true,"code":"SUCCESS","data":{"from":1696098600000,"to":1703701800000,"transactionData":[{"name":"Merchant payments","paymentInstruments":[{"type":"TOTAL","count":210139266,"amount":1.07902251886E11}]},{"name":"Peer-to-peer payments","paymentInstruments":[{"type":"TOTAL","count":138921302,"amount":3.7578205073E11}]},{"name":"Recharge & bill payments","paymentInstruments":[{"type":"TOTAL","count":25084140,"amount":1.4700179395E10}]},{"name":"Financial Services","paymentInstruments":[{"type":"TOTAL","count":157092,"amount":2.07103239E8}]},{"name":"Others","paymentInstruments":[{"type":"TOTAL","count":236562,"amount":1.28519675E8}]}]},"responseTimestamp":1706092714085}