{"success":true,"code":"SUCCESS","data":{"from":1696098600000,"to":1703701800000,"transactionData":[{"name":"Merchant payments","paymentInstruments":[{"type":"TOTAL","count":108137761,"amount":5.5180695119E10}]},{"name":"Peer-to-peer payments","paymentInstruments":[{"type":"TOTAL","count":54694399,"amount":1.56361217618E11}]},{"name":"Recharge & bill payments","paymentInstruments":[{"type":"TOTAL","count":16678550,"amount":1.3074043821E10}]},{"name":"Financial Services","paymentInstruments":[{"type":"TOTAL","count":225961,"amount":2.70144459E8}]},{"name":"Others","paymentInstruments":[{"type":"TOTAL","count":106422,"amount":9.9220448E7}]}]},"responseTimestamp":1706092721981}