{"success":true,"code":"SUCCESS","data":{"from":1688149800000,"to":1695839400000,"transactionData":[{"name":"Merchant payments","paymentInstruments":[{"type":"TOTAL","count":8849667,"amount":4.339437634E9}]},{"name":"Peer-to-peer payments","paymentInstruments":[{"type":"TOTAL","count":3410620,"amount":1.0182027091E10}]},{"name":"Recharge & bill payments","paymentInstruments":[{"type":"TOTAL","count":771020,"amount":8.77282807E8}]},{"name":"Financial Services","paymentInstruments":[{"type":"TOTAL","count":10756,"amount":1.9516305E7}]},{"name":"Others","paymentInstruments":[{"type":"TOTAL","count":10102,"amount":8519474.0}]}]},"responseTimestamp":1697612064818}