{"success":true,"code":"SUCCESS","data":{"from":1696098600000,"to":1703701800000,"transactionData":[{"name":"Merchant payments","paymentInstruments":[{"type":"TOTAL","count":9052694,"amount":4.77146632E9}]},{"name":"Peer-to-peer payments","paymentInstruments":[{"type":"TOTAL","count":3480727,"amount":1.0531589834E10}]},{"name":"Recharge & bill payments","paymentInstruments":[{"type":"TOTAL","count":725553,"amount":9.44249351E8}]},{"name":"Financial Services","paymentInstruments":[{"type":"TOTAL","count":10241,"amount":2.1758309E7}]},{"name":"Others","paymentInstruments":[{"type":"TOTAL","count":10863,"amount":1.2159187E7}]}]},"responseTimestamp":1706092724191}