{"success":true,"code":"SUCCESS","data":{"from":1696098600000,"to":1703701800000,"transactionData":[{"name":"Peer-to-peer payments","paymentInstruments":[{"type":"TOTAL","count":6678381,"amount":1.8554712209E10}]},{"name":"Merchant payments","paymentInstruments":[{"type":"TOTAL","count":6435278,"amount":5.043099494E9}]},{"name":"Recharge & bill payments","paymentInstruments":[{"type":"TOTAL","count":1491471,"amount":5.15181105E8}]},{"name":"Financial Services","paymentInstruments":[{"type":"TOTAL","count":5573,"amount":1.1079378E7}]},{"name":"Others","paymentInstruments":[{"type":"TOTAL","count":7039,"amount":4727608.0}]}]},"responseTimestamp":1706092744360}