{"success":true,"code":"SUCCESS","data":{"from":1688149800000,"to":1695839400000,"transactionData":[{"name":"Merchant payments","paymentInstruments":[{"type":"TOTAL","count":16565190,"amount":1.0365884105E10}]},{"name":"Peer-to-peer payments","paymentInstruments":[{"type":"TOTAL","count":8489945,"amount":2.5735484138E10}]},{"name":"Recharge & bill payments","paymentInstruments":[{"type":"TOTAL","count":1913363,"amount":1.234664127E9}]},{"name":"Financial Services","paymentInstruments":[{"type":"TOTAL","count":17422,"amount":2.6274694E7}]},{"name":"Others","paymentInstruments":[{"type":"TOTAL","count":13808,"amount":1.287291E7}]}]},"responseTimestamp":1697612084189}