{"success":true,"code":"SUCCESS","data":{"from":1696098600000,"to":1703701800000,"transactionData":[{"name":"Merchant payments","paymentInstruments":[{"type":"TOTAL","count":21003656,"amount":1.2478698529E10}]},{"name":"Peer-to-peer payments","paymentInstruments":[{"type":"TOTAL","count":10430430,"amount":3.0342597216E10}]},{"name":"Recharge & bill payments","paymentInstruments":[{"type":"TOTAL","count":1991324,"amount":1.413113823E9}]},{"name":"Financial Services","paymentInstruments":[{"type":"TOTAL","count":20827,"amount":3.8067531E7}]},{"name":"Others","paymentInstruments":[{"type":"TOTAL","count":14741,"amount":1.5194458E7}]}]},"responseTimestamp":1706092743666}