{"success":true,"code":"SUCCESS","data":{"from":1704047400000,"to":1711564200000,"transactionData":[{"name":"Merchant payments","paymentInstruments":[{"type":"TOTAL","count":376661558,"amount":1.77987462151E11}]},{"name":"Peer-to-peer payments","paymentInstruments":[{"type":"TOTAL","count":187967904,"amount":5.83735861647E11}]},{"name":"Recharge & bill payments","paymentInstruments":[{"type":"TOTAL","count":39068051,"amount":4.4295176434E10}]},{"name":"Financial Services","paymentInstruments":[{"type":"TOTAL","count":256222,"amount":4.7733593E8}]},{"name":"Others","paymentInstruments":[{"type":"TOTAL","count":339765,"amount":2.9238307E8}]}]},"responseTimestamp":1714727604359}