{"success":true,"code":"SUCCESS","data":{"from":1711909800000,"to":1719513000000,"transactionData":[{"name":"Merchant payments","paymentInstruments":[{"type":"TOTAL","count":482530215,"amount":2.11396204964E11}]},{"name":"Peer-to-peer payments","paymentInstruments":[{"type":"TOTAL","count":214457734,"amount":6.47411527784E11}]},{"name":"Recharge & bill payments","paymentInstruments":[{"type":"TOTAL","count":40862353,"amount":4.5581779106E10}]},{"name":"Financial Services","paymentInstruments":[{"type":"TOTAL","count":304547,"amount":6.0074874E8}]},{"name":"Others","paymentInstruments":[{"type":"TOTAL","count":399076,"amount":4.54335006E8}]}]},"responseTimestamp":1722517706077}