{"success":true,"code":"SUCCESS","data":{"from":1719792000000,"to":1727481600000,"transactionData":[{"name":"Merchant payments","paymentInstruments":[{"type":"TOTAL","count":521289709,"amount":2.24122374449E11}]},{"name":"Peer-to-peer payments","paymentInstruments":[{"type":"TOTAL","count":231461545,"amount":6.48650534007E11}]},{"name":"Recharge & bill payments","paymentInstruments":[{"type":"TOTAL","count":41502651,"amount":4.9244659978E10}]},{"name":"Financial Services","paymentInstruments":[{"type":"TOTAL","count":361554,"amount":7.12626768E8}]},{"name":"Others","paymentInstruments":[{"type":"TOTAL","count":324761,"amount":4.76486596E8}]}]},"responseTimestamp":1739974235641}