{"success":true,"code":"SUCCESS","data":{"from":1727740800000,"to":1735344000000,"transactionData":[{"name":"Merchant payments","paymentInstruments":[{"type":"TOTAL","count":554528337,"amount":2.56120928312E11}]},{"name":"Peer-to-peer payments","paymentInstruments":[{"type":"TOTAL","count":244665075,"amount":7.24617450899E11}]},{"name":"Recharge & bill payments","paymentInstruments":[{"type":"TOTAL","count":40983335,"amount":4.9974294031E10}]},{"name":"Financial Services","paymentInstruments":[{"type":"TOTAL","count":906666,"amount":7.17769217E8}]},{"name":"Others","paymentInstruments":[{"type":"TOTAL","count":310877,"amount":5.28916895E8}]}]},"responseTimestamp":1739974462823}