{"success":true,"code":"SUCCESS","data":{"from":1696098600000,"to":1703701800000,"transactionData":[{"name":"Merchant payments","paymentInstruments":[{"type":"TOTAL","count":23387107,"amount":1.2903037462E10}]},{"name":"Peer-to-peer payments","paymentInstruments":[{"type":"TOTAL","count":11365164,"amount":3.3158062287E10}]},{"name":"Recharge & bill payments","paymentInstruments":[{"type":"TOTAL","count":3816711,"amount":2.14394972E9}]},{"name":"Financial Services","paymentInstruments":[{"type":"TOTAL","count":33097,"amount":5.1956047E7}]},{"name":"Others","paymentInstruments":[{"type":"TOTAL","count":49760,"amount":2.3241048E7}]}]},"responseTimestamp":1706092731523}