{"success":true,"code":"SUCCESS","data":{"from":1704047400000,"to":1711564200000,"transactionData":[{"name":"Merchant payments","paymentInstruments":[{"type":"TOTAL","count":23888813,"amount":1.2955779718E10}]},{"name":"Peer-to-peer payments","paymentInstruments":[{"type":"TOTAL","count":11704961,"amount":3.264583006E10}]},{"name":"Recharge & bill payments","paymentInstruments":[{"type":"TOTAL","count":3859407,"amount":2.212162426E9}]},{"name":"Financial Services","paymentInstruments":[{"type":"TOTAL","count":30691,"amount":4.8981227E7}]},{"name":"Others","paymentInstruments":[{"type":"TOTAL","count":36689,"amount":2.1477908E7}]}]},"responseTimestamp":1714727628269}