{"success":true,"code":"SUCCESS","data":{"from":1711909800000,"to":1719513000000,"transactionData":[{"name":"Merchant payments","paymentInstruments":[{"type":"TOTAL","count":33432764,"amount":1.7005142646E10}]},{"name":"Peer-to-peer payments","paymentInstruments":[{"type":"TOTAL","count":14843874,"amount":4.0268257987E10}]},{"name":"Recharge & bill payments","paymentInstruments":[{"type":"TOTAL","count":4230908,"amount":2.481006839E9}]},{"name":"Financial Services","paymentInstruments":[{"type":"TOTAL","count":36023,"amount":6.1908319E7}]},{"name":"Others","paymentInstruments":[{"type":"TOTAL","count":40232,"amount":3.3424911E7}]}]},"responseTimestamp":1722517735101}