{"success":true,"code":"SUCCESS","data":{"from":1719792000000,"to":1727481600000,"transactionData":[{"name":"Merchant payments","paymentInstruments":[{"type":"TOTAL","count":31048392,"amount":1.587644959E10}]},{"name":"Peer-to-peer payments","paymentInstruments":[{"type":"TOTAL","count":14484420,"amount":3.8181559423E10}]},{"name":"Recharge & bill payments","paymentInstruments":[{"type":"TOTAL","count":4131536,"amount":2.44919813E9}]},{"name":"Financial Services","paymentInstruments":[{"type":"TOTAL","count":44777,"amount":7.2816126E7}]},{"name":"Others","paymentInstruments":[{"type":"TOTAL","count":28424,"amount":3.5918329E7}]}]},"responseTimestamp":1739974263881}