{"success":true,"code":"SUCCESS","data":{"from":1727740800000,"to":1735344000000,"transactionData":[{"name":"Merchant payments","paymentInstruments":[{"type":"TOTAL","count":34093853,"amount":1.8651098385E10}]},{"name":"Peer-to-peer payments","paymentInstruments":[{"type":"TOTAL","count":15691651,"amount":4.2533547817E10}]},{"name":"Recharge & bill payments","paymentInstruments":[{"type":"TOTAL","count":3857052,"amount":2.42649404E9}]},{"name":"Financial Services","paymentInstruments":[{"type":"TOTAL","count":129364,"amount":9.2305168E7}]},{"name":"Others","paymentInstruments":[{"type":"TOTAL","count":26478,"amount":3.3550824E7}]}]},"responseTimestamp":1739974490148}