{"success":true,"code":"SUCCESS","data":{"from":1704047400000,"to":1711564200000,"transactionData":[{"name":"Merchant payments","paymentInstruments":[{"type":"TOTAL","count":44039688,"amount":2.6132817115E10}]},{"name":"Peer-to-peer payments","paymentInstruments":[{"type":"TOTAL","count":21676857,"amount":6.3494530507E10}]},{"name":"Recharge & bill payments","paymentInstruments":[{"type":"TOTAL","count":9191925,"amount":4.183099352E9}]},{"name":"Financial Services","paymentInstruments":[{"type":"TOTAL","count":36970,"amount":7.7808277E7}]},{"name":"Others","paymentInstruments":[{"type":"TOTAL","count":170915,"amount":7.267369E7}]}]},"responseTimestamp":1714727637698}