{"success":true,"code":"SUCCESS","data":{"from":1711909800000,"to":1719513000000,"transactionData":[{"name":"Merchant payments","paymentInstruments":[{"type":"TOTAL","count":67028884,"amount":3.6427331951E10}]},{"name":"Peer-to-peer payments","paymentInstruments":[{"type":"TOTAL","count":30553524,"amount":8.7708294314E10}]},{"name":"Recharge & bill payments","paymentInstruments":[{"type":"TOTAL","count":10377382,"amount":4.725535622E9}]},{"name":"Financial Services","paymentInstruments":[{"type":"TOTAL","count":51851,"amount":1.1849986E8}]},{"name":"Others","paymentInstruments":[{"type":"TOTAL","count":167373,"amount":8.2095164E7}]}]},"responseTimestamp":1722517747494}