{"success":true,"code":"SUCCESS","data":{"from":1719792000000,"to":1727481600000,"transactionData":[{"name":"Merchant payments","paymentInstruments":[{"type":"TOTAL","count":72762518,"amount":4.0065179721E10}]},{"name":"Peer-to-peer payments","paymentInstruments":[{"type":"TOTAL","count":35411991,"amount":9.8957280136E10}]},{"name":"Recharge & bill payments","paymentInstruments":[{"type":"TOTAL","count":11191575,"amount":5.221833445E9}]},{"name":"Financial Services","paymentInstruments":[{"type":"TOTAL","count":62311,"amount":1.46900251E8}]},{"name":"Others","paymentInstruments":[{"type":"TOTAL","count":126893,"amount":7.9152424E7}]}]},"responseTimestamp":1739974276372}