{"success":true,"code":"SUCCESS","data":{"from":1727740800000,"to":1735344000000,"transactionData":[{"name":"Merchant payments","paymentInstruments":[{"type":"TOTAL","count":77746893,"amount":4.5801663532E10}]},{"name":"Peer-to-peer payments","paymentInstruments":[{"type":"TOTAL","count":37314662,"amount":1.09794685213E11}]},{"name":"Recharge & bill payments","paymentInstruments":[{"type":"TOTAL","count":10916802,"amount":5.152602988E9}]},{"name":"Financial Services","paymentInstruments":[{"type":"TOTAL","count":180612,"amount":1.29044033E8}]},{"name":"Others","paymentInstruments":[{"type":"TOTAL","count":102248,"amount":7.2984966E7}]}]},"responseTimestamp":1739974502260}