{"success":true,"code":"SUCCESS","data":{"from":1704047400000,"to":1711564200000,"transactionData":[{"name":"Merchant payments","paymentInstruments":[{"type":"TOTAL","count":548896156,"amount":3.16662638999E11}]},{"name":"Peer-to-peer payments","paymentInstruments":[{"type":"TOTAL","count":456038110,"amount":1.275205176229E12}]},{"name":"Recharge & bill payments","paymentInstruments":[{"type":"TOTAL","count":73038449,"amount":4.5243630428E10}]},{"name":"Financial Services","paymentInstruments":[{"type":"TOTAL","count":295689,"amount":4.11700201E8}]},{"name":"Others","paymentInstruments":[{"type":"TOTAL","count":466379,"amount":2.13719039E8}]}]},"responseTimestamp":1714727620070}