{"success":true,"code":"SUCCESS","data":{"from":1711909800000,"to":1719513000000,"transactionData":[{"name":"Merchant payments","paymentInstruments":[{"type":"TOTAL","count":703589936,"amount":3.85479716519E11}]},{"name":"Peer-to-peer payments","paymentInstruments":[{"type":"TOTAL","count":529387475,"amount":1.452390033678E12}]},{"name":"Recharge & bill payments","paymentInstruments":[{"type":"TOTAL","count":80054155,"amount":4.8206932392E10}]},{"name":"Financial Services","paymentInstruments":[{"type":"TOTAL","count":386397,"amount":5.23080064E8}]},{"name":"Others","paymentInstruments":[{"type":"TOTAL","count":470422,"amount":2.46802023E8}]}]},"responseTimestamp":1722517724481}