{"success":true,"code":"SUCCESS","data":{"from":1719792000000,"to":1727481600000,"transactionData":[{"name":"Merchant payments","paymentInstruments":[{"type":"TOTAL","count":730368233,"amount":3.70788705611E11}]},{"name":"Peer-to-peer payments","paymentInstruments":[{"type":"TOTAL","count":547897786,"amount":1.358253139121E12}]},{"name":"Recharge & bill payments","paymentInstruments":[{"type":"TOTAL","count":73819834,"amount":5.0382123046E10}]},{"name":"Financial Services","paymentInstruments":[{"type":"TOTAL","count":458793,"amount":6.30950534E8}]},{"name":"Others","paymentInstruments":[{"type":"TOTAL","count":331577,"amount":2.25555027E8}]}]},"responseTimestamp":1739974253825}