{"success":true,"code":"SUCCESS","data":{"from":1727740800000,"to":1735344000000,"transactionData":[{"name":"Merchant payments","paymentInstruments":[{"type":"TOTAL","count":843136457,"amount":4.51257296266E11}]},{"name":"Peer-to-peer payments","paymentInstruments":[{"type":"TOTAL","count":641971705,"amount":1.592038209091E12}]},{"name":"Recharge & bill payments","paymentInstruments":[{"type":"TOTAL","count":72565377,"amount":5.4638087933E10}]},{"name":"Financial Services","paymentInstruments":[{"type":"TOTAL","count":1670253,"amount":7.14133013E8}]},{"name":"Others","paymentInstruments":[{"type":"TOTAL","count":323883,"amount":2.79749744E8}]}]},"responseTimestamp":1739974480481}