{"success":true,"code":"SUCCESS","data":{"from":1696098600000,"to":1703701800000,"transactionData":[{"name":"Peer-to-peer payments","paymentInstruments":[{"type":"TOTAL","count":1435341,"amount":5.438596932E9}]},{"name":"Merchant payments","paymentInstruments":[{"type":"TOTAL","count":1375598,"amount":1.254754525E9}]},{"name":"Recharge & bill payments","paymentInstruments":[{"type":"TOTAL","count":332620,"amount":2.36148603E8}]},{"name":"Financial Services","paymentInstruments":[{"type":"TOTAL","count":3065,"amount":1.1423623E7}]},{"name":"Others","paymentInstruments":[{"type":"TOTAL","count":3594,"amount":2063262.0}]}]},"responseTimestamp":1706092711064}