{"success":true,"code":"SUCCESS","data":{"from":1704047400000,"to":1711564200000,"transactionData":[{"name":"Merchant payments","paymentInstruments":[{"type":"TOTAL","count":110514883,"amount":5.6336344201E10}]},{"name":"Peer-to-peer payments","paymentInstruments":[{"type":"TOTAL","count":54327957,"amount":1.56296863144E11}]},{"name":"Recharge & bill payments","paymentInstruments":[{"type":"TOTAL","count":16331869,"amount":1.4085091643E10}]},{"name":"Financial Services","paymentInstruments":[{"type":"TOTAL","count":200007,"amount":2.79404679E8}]},{"name":"Others","paymentInstruments":[{"type":"TOTAL","count":89250,"amount":8.0271071E7}]}]},"responseTimestamp":1714727620757}