{"success":true,"code":"SUCCESS","data":{"from":1711909800000,"to":1719513000000,"transactionData":[{"name":"Merchant payments","paymentInstruments":[{"type":"TOTAL","count":121221009,"amount":6.3702446188E10}]},{"name":"Peer-to-peer payments","paymentInstruments":[{"type":"TOTAL","count":56642113,"amount":1.63601027548E11}]},{"name":"Recharge & bill payments","paymentInstruments":[{"type":"TOTAL","count":16678867,"amount":1.4261447047E10}]},{"name":"Financial Services","paymentInstruments":[{"type":"TOTAL","count":243874,"amount":3.44607925E8}]},{"name":"Others","paymentInstruments":[{"type":"TOTAL","count":86604,"amount":9.4293887E7}]}]},"responseTimestamp":1722517725558}