{"success":true,"code":"SUCCESS","data":{"from":1719792000000,"to":1727481600000,"transactionData":[{"name":"Merchant payments","paymentInstruments":[{"type":"TOTAL","count":133203180,"amount":6.9317965409E10}]},{"name":"Peer-to-peer payments","paymentInstruments":[{"type":"TOTAL","count":64012538,"amount":1.74589592514E11}]},{"name":"Recharge & bill payments","paymentInstruments":[{"type":"TOTAL","count":17076750,"amount":1.3872380762E10}]},{"name":"Financial Services","paymentInstruments":[{"type":"TOTAL","count":307546,"amount":4.08385812E8}]},{"name":"Others","paymentInstruments":[{"type":"TOTAL","count":95444,"amount":1.13706812E8}]}]},"responseTimestamp":1739974254761}