{"success":true,"code":"SUCCESS","data":{"from":1727740800000,"to":1735344000000,"transactionData":[{"name":"Merchant payments","paymentInstruments":[{"type":"TOTAL","count":145653590,"amount":7.2346901392E10}]},{"name":"Peer-to-peer payments","paymentInstruments":[{"type":"TOTAL","count":69815574,"amount":1.86965241113E11}]},{"name":"Recharge & bill payments","paymentInstruments":[{"type":"TOTAL","count":16537561,"amount":1.3747095313E10}]},{"name":"Financial Services","paymentInstruments":[{"type":"TOTAL","count":1014940,"amount":4.67808987E8}]},{"name":"Others","paymentInstruments":[{"type":"TOTAL","count":90776,"amount":1.12923761E8}]}]},"responseTimestamp":1739974481460}