{"success":true,"code":"SUCCESS","data":{"from":1704047400000,"to":1711564200000,"transactionData":[{"name":"Merchant payments","paymentInstruments":[{"type":"TOTAL","count":7491171,"amount":5.669482843E9}]},{"name":"Peer-to-peer payments","paymentInstruments":[{"type":"TOTAL","count":7238315,"amount":1.979314298E10}]},{"name":"Recharge & bill payments","paymentInstruments":[{"type":"TOTAL","count":1664938,"amount":5.68014875E8}]},{"name":"Financial Services","paymentInstruments":[{"type":"TOTAL","count":6408,"amount":1.3072238E7}]},{"name":"Others","paymentInstruments":[{"type":"TOTAL","count":5582,"amount":3331540.0}]}]},"responseTimestamp":1714727638577}