{"success":true,"code":"SUCCESS","data":{"from":1711909800000,"to":1719513000000,"transactionData":[{"name":"Merchant payments","paymentInstruments":[{"type":"TOTAL","count":9567105,"amount":6.815204405E9}]},{"name":"Peer-to-peer payments","paymentInstruments":[{"type":"TOTAL","count":8120757,"amount":2.2271137791E10}]},{"name":"Recharge & bill payments","paymentInstruments":[{"type":"TOTAL","count":1776684,"amount":5.95957635E8}]},{"name":"Financial Services","paymentInstruments":[{"type":"TOTAL","count":7896,"amount":2.0769976E7}]},{"name":"Others","paymentInstruments":[{"type":"TOTAL","count":5930,"amount":3281823.0}]}]},"responseTimestamp":1722517749316}