{"success":true,"code":"SUCCESS","data":{"from":1719792000000,"to":1727481600000,"transactionData":[{"name":"Merchant payments","paymentInstruments":[{"type":"TOTAL","count":12464040,"amount":7.709848647E9}]},{"name":"Peer-to-peer payments","paymentInstruments":[{"type":"TOTAL","count":10083155,"amount":2.3214155044E10}]},{"name":"Recharge & bill payments","paymentInstruments":[{"type":"TOTAL","count":1886589,"amount":6.53172013E8}]},{"name":"Financial Services","paymentInstruments":[{"type":"TOTAL","count":8170,"amount":2.1220623E7}]},{"name":"Others","paymentInstruments":[{"type":"TOTAL","count":5188,"amount":3560378.0}]}]},"responseTimestamp":1739974278053}