{"success":true,"code":"SUCCESS","data":{"from":1727740800000,"to":1735344000000,"transactionData":[{"name":"Merchant payments","paymentInstruments":[{"type":"TOTAL","count":14117429,"amount":8.515314488E9}]},{"name":"Peer-to-peer payments","paymentInstruments":[{"type":"TOTAL","count":10758583,"amount":2.5848886063E10}]},{"name":"Recharge & bill payments","paymentInstruments":[{"type":"TOTAL","count":1886780,"amount":6.95358159E8}]},{"name":"Financial Services","paymentInstruments":[{"type":"TOTAL","count":25593,"amount":1.6838759E7}]},{"name":"Others","paymentInstruments":[{"type":"TOTAL","count":5072,"amount":3489404.0}]}]},"responseTimestamp":1739974503814}