{"success":true,"code":"SUCCESS","data":{"from":1696098600000,"to":1703701800000,"transactionData":[{"name":"Merchant payments","paymentInstruments":[{"type":"TOTAL","count":343440148,"amount":1.67695632461E11}]},{"name":"Peer-to-peer payments","paymentInstruments":[{"type":"TOTAL","count":175429519,"amount":5.71466808865E11}]},{"name":"Recharge & bill payments","paymentInstruments":[{"type":"TOTAL","count":35320482,"amount":4.2514330771E10}]},{"name":"Financial Services","paymentInstruments":[{"type":"TOTAL","count":238826,"amount":3.7135584E8}]},{"name":"Others","paymentInstruments":[{"type":"TOTAL","count":319258,"amount":2.22356663E8}]}]},"responseTimestamp":1706092703392}